{"messageCount":1,"messageID":"4189520563","messageHash":"41:1:HIUNJANNI","recipientNumber":"0631632708","messageContent":"Hi unjanni"}
{"messageCount":1,"messageID":"4479870988","messageHash":"44:1:HITHERE","recipientNumber":"084","messageContent":"Hi there"}
{"messageCount":1,"messageID":"0265742933","messageHash":"02:1:HIAT","recipientNumber":"065","messageContent":"Hi Where you at"}
{"messageCount":1,"messageID":"2727238448","messageHash":"27:1:HIUP","recipientNumber":"0631632708","messageContent":"Hi whats up"}
{"messageCount":1,"messageID":"1241321692","messageHash":"12:1:HIAT","recipientNumber":"0631632708","messageContent":"Hi where you at"}
{"messageCount":1,"messageID":"2145160699","messageHash":"21:1:HICITY","recipientNumber":"0631632708","messageContent":"Hi lm in your city"}
{"messageCount":1,"messageID":"6433270361","messageHash":"64:1:HICHATAPP","recipientNumber":"0631632708","messageContent":"Hi there welcome to the ChatApp"}
{"messageCount":2,"messageID":"2378746259","messageHash":"23:2:HITHERE","recipientNumber":"0631632708","messageContent":"Hi there"}
{"messageCount":1,"messageID":"7032742347","messageHash":"70:1:HIAT","recipientNumber":"0846568280","messageContent":"Hi there where you at"}
